ascountry,occurrences,percentage
CN,504,61.0909090909091
US,311,37.6969696969697
SG,9,1.09090909090909
HK,1,0.121212121212121
