ascountry,occurrences,percentage
IN,565,91.5721231766613
US,47,7.61750405186386
DE,4,0.648298217179903
FR,1,0.162074554294976
