ascountry,occurrences,percentage
ZA,65,89.041095890411
US,7,9.58904109589041
GB,1,1.36986301369863
